Class,Precision,Recall
cp,0.9724137931034482,0.986013986013986
im,0.9375,0.974025974025974
imL,0.0,0.0
imS,0.0,0.0
imU,1.0,0.9428571428571428
om,1.0,1.0
omL,1.0,1.0
pp,0.9245283018867925,0.9423076923076923
Overall,0.9613095238095238,0.9613095238095238
